{"cameraMode":{"drawMode":0,"name":"Shaded","section":"Shading Mode"},"sceneLighting":true,"audioPlay":false,"sceneViewState":{"showFog":true,"showMaterialUpdate":false,"showSkybox":true,"showFlares":true,"showImageEffects":true,"showParticleSystems":true},"in2DMode":false,"pivot":{"x":0.6325515508651733,"y":-2.4658749103546144,"z":107.76756286621094},"rotation":{"x":-0.004180791322141886,"y":-0.042915161699056628,"z":-0.00017759905313141644,"w":0.9990699291229248},"size":12.996747016906739,"orthographic":true}